{
  "HAA-RAG": {
    "P@1": 0.9166666666666666,
    "P@3": 0.9166666666666666,
    "P@5": 0.9,
    "MRR": 0.9166666666666666,
    "affordance_match": 0.9
  },
  "Dual-Path": {
    "P@1": 0.9166666666666666,
    "P@3": 0.9166666666666666,
    "P@5": 0.8833333333333333,
    "MRR": 0.9166666666666666,
    "affordance_match": 0.8833333333333333
  },
  "CLIP-Only": {
    "P@1": 0.6666666666666666,
    "P@3": 0.5833333333333334,
    "P@5": 0.6,
    "MRR": 0.7916666666666666,
    "affordance_match": 0.6
  },
  "num_queries": 12,
  "kb_size": 108
}