{
  "our_results": [
    78.05555555555556,
    78.05555555555556,
    81.94444444444443,
    81.38888888888889,
    79.44444444444443
  ],
  "our_mean": 79.77777777777779,
  "our_std": 1.8257418583505483,
  "our_95ci": [
    77.51081984225027,
    82.0447357133053
  ],
  "category_results": {
    "single_grasp": [
      90.55555555555554,
      89.44444444444446,
      93.88888888888887,
      93.8888888888889,
      91.66666666666667
    ],
    "interactive": [
      58.333333333333336,
      60.833333333333336,
      61.666666666666664,
      62.5,
      57.5
    ],
    "long_horizon": [
      80.0,
      78.33333333333334,
      86.66666666666667,
      81.66666666666667,
      86.66666666666667
    ]
  },
  "comparisons": {
    "GR-ConvNet": {
      "baseline_mean": 42.3,
      "baseline_std": 4.0,
      "baseline_source": "Kumra et al., IROS 2020, Table I",
      "t_stat": 19.05923498094163,
      "p_value": 5.9471582981840574e-08,
      "cohens_d": 12.054118600026284,
      "significant_005": true,
      "bonferroni_significant": true
    },
    "AnyGrasp": {
      "baseline_mean": 51.7,
      "baseline_std": 3.5,
      "baseline_source": "Fang et al., T-RO 2023, Table II",
      "t_stat": 15.904409689572805,
      "p_value": 2.445589353735209e-07,
      "cohens_d": 10.05883189190032,
      "significant_005": true,
      "bonferroni_significant": true
    },
    "Contact-GraspNet": {
      "baseline_mean": 48.0,
      "baseline_std": 4.2,
      "baseline_source": "Sundermeyer et al., ICRA 2021, Table I",
      "t_stat": 15.51582227085439,
      "p_value": 2.9641166188845067e-07,
      "cohens_d": 9.81306762925317,
      "significant_005": true,
      "bonferroni_significant": true
    },
    "CLIPort": {
      "baseline_mean": 56.7,
      "baseline_std": 4.9,
      "baseline_source": "Shridhar et al., CoRL 2022, Table II",
      "t_stat": 9.868548068372647,
      "p_value": 9.368751599658515e-06,
      "cohens_d": 6.2414178189825265,
      "significant_005": true,
      "bonferroni_significant": true
    }
  }
}